date,sh_close,sh_open,sh_high,sh_low,sh_chg,sh_amount,gz_close,gz_open,gz_high,gz_low,gz_chg,gz_amount,sz_close,sz_open,sz_high,sz_low,sz_chg,sz_amount,hs_close,hs_open,hs_high,hs_low,hs_chg,hs_amount,up_count,down_count,flat_count,limit_up,limit_down,scanned,sh_ma20,sh_ma60,sh_trend,sh_trend_now,sh_beichi
2025-08-08,3635.13,3634.85,3645.37,3625.45,-0.12,713569730560.0,9025.77,9039.98,9062.08,8997.66,-0.41,628981760000.0,11128.67,11136.34,11184.55,11108.46,-0.26,996656939008.0,4104.97,4109.27,4122.21,4097.42,-0.24,308507672576.0,3753,4670,303,86,14,8826,3578.47,3463.42,上涨,盘整,False
2025-08-11,3647.55,3637.05,3656.85,3629.63,0.34,751329476608.0,9170.5,9037.41,9178.38,9037.41,1.6,646529613824.0,11291.43,11159.03,11311.88,11159.03,1.46,1075643547648.0,4122.51,4110.29,4134.25,4103.61,0.43,360685830144.0,6844,1664,220,138,8,8874,3584.86,3468.09,上涨,盘整,False
2025-08-12,3665.92,3647.96,3669.04,3647.96,0.5,778161029120.0,9194.49,9171.27,9194.49,9100.8,0.26,672904249344.0,11351.63,11292.46,11351.63,11255.48,0.53,1103358984192.0,4143.83,4123.58,4153.29,4121.22,0.52,383088427008.0,3946,4512,280,66,15,8819,3592.91,3473.06,上涨,盘整,False
2025-08-13,3683.46,3668.66,3688.63,3666.55,0.48,887022616576.0,9324.47,9199.84,9328.12,9199.84,1.41,770508390400.0,11551.36,11371.08,11558.59,11362.9,1.76,1263914057728.0,4176.58,4150.5,4186.75,4147.2,0.79,462776729600.0,5377,3069,289,137,1,8873,3601.89,3478.11,上涨,盘整,False
2025-08-14,3666.44,3685.52,3704.77,3662.57,-0.46,949464268800.0,9179.3,9331.51,9336.83,9164.56,-1.56,798650531840.0,11451.43,11557.0,11607.41,11417.93,-0.87,1329744707584.0,4173.31,4179.97,4220.31,4165.94,-0.08,485075648512.0,1363,7242,137,57,37,8836,3609.37,3482.76,上涨,盘整,False
2025-08-15,3696.77,3659.81,3702.26,3658.38,0.83,960624984064.0,9374.51,9157.32,9374.51,9157.32,2.13,762106544128.0,11634.67,11419.28,11647.39,11419.28,1.6,1283986948096.0,4202.35,4162.42,4214.73,4157.5,0.7,518686867456.0,7519,1024,202,155,7,8907,3617.49,3488.04,上涨,盘整,False
2025-08-18,3728.03,3712.5,3745.94,3702.38,0.85,1133941882880.0,9566.31,9431.88,9592.5,9425.63,2.05,948705755136.0,11835.57,11690.94,11919.57,11642.59,1.73,1630221107200.0,4239.41,4218.25,4272.96,4203.42,0.88,635365883904.0,6872,1681,190,214,6,8963,3625.9,3494.36,上涨,盘整,False
2025-08-19,3727.29,3728.49,3746.67,3718.15,-0.02,1060899258368.0,9595.69,9563.35,9655.96,9514.87,0.31,921417744384.0,11821.63,11827.9,11908.68,11774.92,-0.12,1527469703168.0,4223.37,4241.77,4264.23,4215.21,-0.38,553536192512.0,4368,4107,277,124,18,8894,3633.17,3500.7,盘整,盘整,False
2025-08-20,3766.21,3716.68,3767.43,3704.99,1.04,1017500139520.0,9657.08,9548.71,9657.08,9486.26,0.64,822370893824.0,11926.74,11749.99,11926.74,11677.85,0.89,1390733950976.0,4271.4,4208.4,4272.15,4190.56,1.14,538815299584.0,6330,2192,226,121,23,8892,3642.36,3507.8,盘整,上涨,False
2025-08-21,3771.1,3770.68,3787.98,3757.99,0.13,997741887488.0,9584.42,9670.35,9700.55,9531.91,-0.75,828574007296.0,11919.76,11965.8,12011.78,11865.46,-0.06,1426314887168.0,4288.07,4284.37,4308.45,4273.65,0.39,558521253888.0,3887,4598,266,64,39,8854,3650.63,3514.98,盘整,上涨,False
2025-08-22,3825.76,3772.28,3825.76,3772.28,1.45,1095091486720.0,9699.77,9579.19,9699.77,9579.19,1.2,823771922432.0,12166.06,11902.04,12167.28,11902.04,2.07,1451618074624.0,4378.0,4287.36,4378.39,4287.36,2.1,675935092736.0,5519,2955,286,146,2,8908,3662.24,3522.69,盘整,上涨,False
2025-08-25,3883.56,3848.16,3883.56,3839.97,1.51,1360903929856.0,9845.8,9763.27,9877.03,9742.5,1.51,1020678766592.0,12441.07,12291.12,12477.97,12246.56,2.26,1780233535488.0,4469.22,4416.29,4472.65,4404.78,2.08,823681941504.0,6371,2197,198,139,7,8912,3676.52,3531.62,盘整,上涨,False
2025-08-26,3868.38,3871.47,3888.6,3859.76,-0.39,1114187890688.0,9832.87,9815.51,9897.43,9785.32,-0.13,877966262272.0,12473.17,12398.81,12561.49,12361.49,0.26,1564832038912.0,4452.59,4453.35,4476.8,4435.53,-0.37,627950419968.0,4254,4298,220,101,16,8889,3689.45,3540.06,盘整,上涨,False
2025-08-27,3800.35,3869.61,3887.2,3800.35,-1.76,1326848802816.0,9634.84,9844.57,9934.47,9634.84,-2.01,1030629425152.0,12295.07,12483.19,12665.36,12295.07,-1.43,1838716026880.0,4386.13,4458.84,4494.91,4386.13,-1.49,785098473472.0,1044,7653,79,68,27,8871,3698.68,3547.13,盘整,上涨,False
2025-08-28,3843.6,3796.71,3845.09,3761.42,1.14,1265185587200.0,9759.28,9620.87,9759.28,9441.94,1.29,974947155968.0,12571.37,12254.27,12571.37,12199.94,2.25,1705617129472.0,4463.78,4378.04,4464.8,4364.17,1.77,739423617024.0,5169,3385,217,125,13,8909,3712.2,3554.79,上涨,上涨,False
2025-08-29,3857.93,3842.82,3867.61,3839.21,0.37,1221691834368.0,9731.77,9761.96,9793.2,9672.56,-0.28,846372536320.0,12696.15,12568.63,12791.18,12508.97,0.99,1576605450240.0,4496.76,4455.8,4516.84,4452.36,0.74,831194071040.0,3877,4711,179,99,28,8894,3727.1,3562.67,上涨,下跌,False
2025-09-01,3875.53,3869.75,3879.05,3853.66,0.46,1208347918336.0,9825.71,9772.54,9835.36,9725.88,0.97,849832247296.0,12828.95,12773.22,12830.18,12663.34,1.05,1541612634112.0,4523.71,4516.88,4528.13,4487.53,0.6,770378301440.0,5454,3116,198,160,9,8937,3741.71,3570.6,上涨,盘整,False
2025-09-02,3858.13,3877.09,3885.31,3828.68,-0.45,1222777634816.0,9581.56,9820.22,9821.4,9498.83,-2.48,913444634624.0,12553.84,12817.03,12857.16,12450.46,-2.14,1652213678080.0,4490.45,4521.98,4548.89,4454.42,-0.74,777999286272.0,1897,6693,185,68,60,8903,3753.74,3578.48,上涨,上涨,False
2025-09-03,3813.56,3865.29,3868.39,3794.88,-1.16,1012296056832.0,9424.98,9606.39,9639.62,9394.12,-1.63,722890719232.0,12472.0,12599.96,12669.8,12393.09,-0.65,1351790362624.0,4459.83,4501.34,4510.73,4427.52,-0.68,655697117184.0,1530,7155,87,53,56,8881,3762.72,3585.34,上涨,盘整,False
2025-09-04,3765.88,3807.76,3808.4,3732.84,-1.25,1107891978240.0,9229.53,9442.01,9501.28,9087.51,-2.07,740201857024.0,12118.7,12526.3,12580.09,11967.57,-2.83,1436365357056.0,4365.21,4461.25,4465.5,4327.51,-2.12,773124587520.0,3091,5513,169,57,86,8916,3769.03,3591.39,上涨,盘整,False
2025-09-05,3812.51,3761.88,3817.16,3745.31,1.24,979061702656.0,9497.63,9243.96,9497.63,9195.86,2.9,681873178624.0,12590.56,12140.76,12597.89,12085.54,3.89,1325596803072.0,4460.32,4365.61,4466.56,4350.3,2.18,664166989824.0,7943,729,107,203,5,8987,3777.9,3598.65,上涨,盘整,False
2025-09-08,3826.84,3811.67,3833.14,3803.6,0.38,1025883766784.0,9594.44,9509.27,9603.02,9474.63,1.02,724805484544.0,12666.84,12631.98,12689.17,12511.42,0.61,1392846176256.0,4467.57,4467.17,4482.76,4438.07,0.16,683630854144.0,6501,2097,194,99,30,8921,3786.86,3605.95,盘整,盘整,False
2025-09-09,3807.29,3816.66,3834.67,3791.72,-0.51,917795307520.0,9464.47,9562.65,9586.61,9426.58,-1.35,639730253824.0,12510.6,12598.29,12653.87,12434.84,-1.23,1200728178688.0,4436.26,4448.74,4472.09,4412.69,-0.7,562861113344.0,2024,6580,187,63,24,8878,3793.93,3612.95,盘整,上涨,False
2025-09-10,3812.22,3806.58,3827.0,3794.06,0.13,821113585664.0,9485.64,9457.2,9562.31,9418.67,0.22,599537483776.0,12557.68,12511.08,12621.19,12415.19,0.38,1157008982016.0,4445.36,4438.3,4466.63,4414.59,0.21,535539351552.0,4107,4381,297,71,6,8862,3800.37,3620.01,盘整,上涨,False
2025-09-11,3875.31,3806.06,3875.31,3796.43,1.65,1016793989120.0,9700.05,9470.61,9700.05,9387.67,2.26,731934818304.0,12979.89,12570.87,12979.89,12516.35,3.36,1420924682240.0,4548.03,4438.84,4548.03,4427.92,2.31,693156642816.0,7191,1392,203,148,13,8947,3810.81,3628.56,盘整,上涨,False
2025-09-12,3870.6,3875.51,3892.74,3866.54,-0.12,1093807308800.0,9719.59,9705.04,9786.95,9671.59,0.2,766806654976.0,12924.13,12941.26,13048.52,12905.47,-0.43,1427118227456.0,4522.0,4544.59,4564.67,4517.79,-0.57,689576083456.0,3388,5191,212,96,15,8902,3819.5,3637.07,盘整,上涨,False
2025-09-15,3860.5,3876.1,3879.74,3855.97,-0.26,986171965440.0,9711.18,9734.41,9758.03,9689.07,-0.09,698276118528.0,13005.77,12971.43,13098.78,12943.4,0.63,1291248336896.0,4533.06,4534.89,4566.91,4522.5,0.24,613314658304.0,3400,5143,243,93,13,8892,3826.13,3645.05,盘整,上涨,False
2025-09-16,3861.87,3865.98,3876.69,3838.65,0.04,989786144768.0,9828.68,9723.07,9828.68,9663.98,1.21,739049013248.0,13063.97,13017.58,13071.22,12863.82,0.45,1351636090880.0,4523.34,4539.92,4552.42,4494.79,-0.21,613728321536.0,5564,3011,208,113,2,8898,3832.86,3652.41,上涨,上涨,False
2025-09-17,3876.34,3854.07,3882.67,3848.95,0.37,1006679097344.0,9899.16,9821.25,9923.7,9797.43,0.72,759040901120.0,13215.46,13062.64,13226.2,13004.38,1.16,1370067304448.0,4551.02,4517.29,4556.03,4503.8,0.61,608454180864.0,5010,3548,229,103,6,8896,3838.36,3659.41,上涨,盘整,False
2025-09-18,3831.66,3876.06,3899.96,3801.0,-1.15,1365962391552.0,9794.33,9891.13,10040.02,9685.99,-1.06,972627968000.0,13075.66,13161.15,13328.1,12915.97,-1.06,1769208938496.0,4498.11,4546.03,4573.83,4454.99,-1.16,839987101696.0,1627,7075,93,73,19,8887,3841.39,3665.8,上涨,下跌,False
2025-09-19,3820.09,3830.44,3843.17,3811.9,-0.3,1016348278784.0,9722.16,9786.47,9842.29,9675.61,-0.74,707555557376.0,13070.86,13074.91,13182.6,13016.06,-0.04,1307489992704.0,4501.92,4499.09,4533.09,4491.84,0.08,603887042560.0,3200,5398,197,72,30,8897,3841.11,3672.4,上涨,盘整,False
2025-09-22,3828.58,3822.01,3831.74,3806.2,0.22,941799964672.0,9783.12,9737.77,9783.12,9686.75,0.63,645459607552.0,13157.97,13119.83,13157.97,13006.36,0.67,1179690205184.0,4522.61,4512.03,4523.87,4487.13,0.46,563149144064.0,3879,4735,173,120,16,8923,3838.36,3678.8,上涨,盘整,False
2025-09-23,3821.83,3830.14,3838.61,3774.53,-0.18,1071697821696.0,9655.05,9788.3,9792.54,9459.48,-1.31,758629203968.0,13119.82,13246.93,13267.9,12875.33,-0.29,1422691401728.0,4519.78,4536.76,4560.73,4459.73,-0.06,680513634304.0,2030,6623,140,63,24,8880,3836.03,3684.87,上涨,盘整,False
2025-09-24,3853.64,3804.48,3854.92,3804.33,0.83,1015707860992.0,9802.73,9601.53,9802.76,9557.38,1.53,705739030528.0,13356.14,13037.08,13356.14,13009.64,1.8,1311083069440.0,4566.07,4495.27,4567.49,4494.11,1.02,629161525248.0,7452,1197,154,119,9,8931,3838.7,3691.52,上涨,盘整,False
2025-09-25,3853.3,3852.43,3866.11,3840.46,-0.01,1001211363328.0,9759.4,9780.87,9847.53,9740.04,-0.44,692611776512.0,13445.9,13333.02,13529.33,13295.53,0.67,1369884590080.0,4593.49,4563.98,4613.95,4558.84,0.6,669866983424.0,3261,5405,153,55,26,8900,3839.18,3698.05,上涨,盘整,False
2025-09-26,3828.11,3839.86,3856.61,3828.11,-0.65,927864913920.0,9598.25,9718.43,9759.68,9598.25,-1.65,631861280768.0,13209.0,13394.79,13453.86,13205.63,-1.76,1219024912384.0,4550.05,4576.91,4597.85,4550.05,-0.95,598723919872.0,2613,5938,274,67,40,8932,3837.69,3703.98,上涨,盘整,False
2025-09-29,3862.53,3828.17,3881.0,3809.54,0.9,968212414464.0,9705.46,9609.67,9724.93,9548.69,1.12,580366696448.0,13479.43,13248.2,13531.98,13239.73,2.05,1193253404672.0,4620.05,4555.03,4647.57,4541.43,1.54,693395259392.0,6480,2099,235,89,13,8916,3837.04,3710.47,上涨,上涨,False
2025-09-30,3882.78,3869.7,3887.57,3866.28,0.52,973274939392.0,9776.84,9743.0,9802.71,9741.23,0.74,604668428288.0,13526.51,13504.65,13598.18,13460.32,0.35,1208141086720.0,4640.69,4629.9,4647.5,4616.22,0.45,664624103424.0,5155,3409,258,77,14,8913,3838.27,3716.89,上涨,盘整,False
2025-10-09,3933.97,3898.31,3936.58,3885.74,1.32,1216888700928.0,9860.24,9826.19,9891.13,9791.31,0.85,716828377088.0,13725.56,13598.35,13806.69,13565.29,1.47,1436312928256.0,4709.48,4662.11,4726.34,4651.99,1.48,862208000000.0,5697,2969,160,144,30,9000,3844.29,3724.24,上涨,盘整,False
2025-10-10,3897.03,3915.48,3933.01,3886.31,-0.94,1132127191040.0,9744.3,9821.3,9845.63,9719.49,-1.18,688436215808.0,13355.42,13633.19,13644.51,13304.6,-2.7,1383492747264.0,4616.83,4679.5,4692.59,4600.96,-1.97,792743051264.0,3804,4859,162,67,44,8936,3850.85,3730.7,上涨,盘整,False
2025-10-13,3889.5,3800.11,3895.83,3800.11,-0.19,1085413588992.0,9711.88,9359.38,9728.9,9359.38,-0.33,661577859072.0,13231.47,12837.25,13256.51,12837.25,-0.93,1269338210304.0,4593.98,4490.87,4601.81,4490.87,-0.49,714001612800.0,2573,6105,153,99,9,8939,3854.7,3737.02,上涨,盘整,False
2025-10-14,3865.23,3910.78,3918.44,3851.12,-0.62,1209983827968.0,9529.45,9788.07,9830.9,9494.55,-1.88,716121178112.0,12895.11,13369.56,13405.51,12844.02,-2.54,1366249570304.0,4539.06,4634.05,4641.45,4520.93,-1.2,808959016960.0,2471,6180,186,47,32,8916,3856.62,3742.78,上涨,盘整,False
2025-10-15,3912.21,3867.54,3912.29,3857.67,1.22,961552187392.0,9685.48,9544.42,9686.22,9459.28,1.64,588670631936.0,13118.75,12919.27,13123.28,12817.89,1.73,1111306403840.0,4606.29,4544.24,4608.82,4526.83,1.48,607326371840.0,7226,1419,195,105,9,8954,3861.86,3749.57,盘整,盘整,False
2025-10-16,3916.23,3900.68,3931.05,3899.17,0.1,869264588800.0,9573.22,9663.0,9673.17,9542.42,-1.16,560392896512.0,13086.41,13064.26,13218.17,13033.37,-0.25,1061873254400.0,4618.42,4588.92,4645.1,4586.28,0.26,560567222272.0,2250,6407,179,46,19,8901,3867.07,3756.44,盘整,上涨,False
2025-10-17,3839.76,3912.04,3921.06,3835.36,-1.95,873181609984.0,9287.1,9562.9,9594.5,9279.76,-2.99,559747301376.0,12688.94,13060.24,13091.76,12677.44,-3.04,1064934768640.0,4514.23,4610.7,4618.56,4509.33,-2.26,559085977600.0,838,7935,64,39,51,8927,3865.29,3761.82,盘整,盘整,False
2025-10-20,3863.89,3865.55,3877.72,3850.37,0.63,772503240704.0,9390.44,9391.15,9457.61,9329.74,1.11,490991222784.0,12813.21,12877.7,12948.32,12742.84,0.98,965102010368.0,4538.22,4558.24,4570.44,4520.5,0.53,505798819840.0,6719,1927,197,105,10,8958,3864.95,3767.31,盘整,盘整,False
2025-10-21,3916.33,3870.75,3919.32,3868.15,1.36,837938380800.0,9547.88,9411.71,9550.41,9378.11,1.68,530581520384.0,13077.32,12880.17,13100.08,12848.32,2.06,1035955929088.0,4607.87,4556.12,4615.46,4547.93,1.53,551390281728.0,7735,989,115,102,4,8945,3867.74,3773.26,盘整,盘整,False
2025-10-22,3913.76,3896.07,3918.59,3893.33,-0.07,741524766720.0,9509.84,9503.28,9563.02,9474.2,-0.4,500969996288.0,12996.61,12985.96,13078.64,12932.01,-0.62,926331502592.0,4592.57,4576.03,4603.49,4567.24,-0.33,440935317504.0,3179,5380,280,73,20,8932,3870.34,3778.79,盘整,下跌,False
2025-10-23,3922.41,3904.16,3926.22,3877.53,0.22,718931034112.0,9497.15,9484.64,9508.8,9348.37,-0.13,485656363008.0,13025.45,12959.42,13042.34,12803.86,0.22,924978511872.0,4606.34,4578.7,4611.34,4541.69,0.3,420800200704.0,4994,3609,242,72,22,8939,3872.64,3784.46,盘整,盘整,False
2025-10-24,3950.31,3929.12,3950.31,3928.96,0.71,858491256832.0,9619.71,9535.59,9619.9,9529.94,1.29,573074702336.0,13289.18,13091.34,13289.18,13091.34,2.02,1115717894144.0,4660.68,4622.79,4660.68,4622.79,1.18,551986659328.0,5544,3119,189,98,11,8961,3878.57,3790.2,盘整,盘整,False
2025-10-27,3996.94,3969.22,3999.07,3963.1,1.18,1043404029952.0,9721.09,9692.1,9734.34,9636.56,1.05,661795373056.0,13489.4,13448.92,13510.71,13346.81,1.51,1296727539712.0,4716.02,4699.38,4720.43,4687.69,1.19,672670351360.0,6284,2303,267,91,22,8967,3887.42,3796.92,盘整,盘整,False
2025-10-28,3988.22,3986.89,4010.73,3976.83,-0.22,940760891392.0,9719.02,9684.37,9782.42,9655.95,-0.02,635661189120.0,13430.1,13411.67,13572.9,13375.32,-0.44,1207098802176.0,4691.97,4697.73,4734.32,4679.23,-0.51,571563245568.0,3428,5179,243,78,14,8942,3895.4,3803.43,盘整,盘整,False
2025-10-29,4016.33,3990.27,4016.33,3986.94,0.7,968215691264.0,9807.78,9714.99,9807.78,9688.45,0.91,641376583680.0,13691.38,13484.01,13691.38,13475.65,1.95,1287814381568.0,4747.84,4701.04,4747.84,4697.27,1.19,645898698752.0,5383,3256,211,108,12,8970,3905.12,3810.2,盘整,盘整,False
2025-10-30,3986.9,4007.82,4025.7,3984.83,-0.73,1070058569728.0,9674.74,9786.21,9790.88,9666.1,-1.36,690751471616.0,13532.13,13661.61,13700.25,13509.24,-1.16,1351618265088.0,4709.91,4735.98,4761.83,4706.45,-0.8,719956279296.0,1827,6869,155,65,43,8959,3911.79,3816.39,盘整,盘整,False
2025-10-31,3954.79,3985.06,3986.74,3951.73,-0.81,1031104626688.0,9732.98,9671.29,9799.06,9671.29,0.6,654628749312.0,13378.21,13517.17,13618.15,13378.21,-1.14,1286687817728.0,4640.67,4702.49,4706.14,4640.67,-1.47,680712273920.0,5252,3419,180,91,20,8962,3916.86,3822.75,盘整,盘整,False
2025-11-03,3976.52,3954.08,3977.31,3937.02,0.55,941703692288.0,9791.26,9742.61,9791.34,9644.97,0.6,634434617344.0,13404.06,13364.42,13404.06,13158.31,0.19,1165427081216.0,4653.4,4636.73,4653.4,4595.73,0.27,557602963456.0,5584,3033,228,94,17,8956,3924.28,3829.69,盘整,盘整,False
2025-11-04,3960.19,3973.46,3985.88,3938.52,-0.41,852938391552.0,9662.69,9772.83,9772.83,9598.79,-1.31,579698819072.0,13175.22,13373.55,13399.92,13094.21,-1.71,1062819659776.0,4618.7,4649.35,4665.32,4595.07,-0.75,505177702400.0,2093,6560,195,57,20,8925,3929.16,3835.97,盘整,盘整,False
2025-11-05,3969.25,3922.58,3979.75,3922.58,0.23,827133591552.0,9711.46,9534.47,9742.45,9532.78,0.5,581853511680.0,13223.56,12953.84,13273.24,12953.84,0.37,1045207646208.0,4627.26,4562.11,4642.61,4558.76,0.19,468361150464.0,5493,3061,294,92,3,8943,3933.49,3841.83,盘整,盘整,False
2025-11-06,4007.76,3973.35,4008.8,3973.35,0.97,930275524608.0,9811.51,9730.64,9813.69,9706.12,1.03,614326140928.0,13452.42,13272.47,13468.4,13272.47,1.73,1124972101632.0,4693.4,4642.01,4698.09,4642.01,1.43,553641771008.0,5513,3121,224,87,27,8972,3937.18,3848.06,盘整,上涨,False
2025-11-07,3997.56,3994.32,4012.01,3993.69,-0.25,875486773248.0,9784.06,9770.49,9840.35,9743.02,-0.28,624967221248.0,13404.06,13380.35,13496.7,13322.61,-0.36,1123566485504.0,4678.79,4673.76,4701.37,4666.04,-0.31,507573862400.0,3356,5228,279,72,21,8956,3942.2,3854.03,盘整,盘整,False
2025-11-10,4018.6,4001.79,4018.7,3990.84,0.53,960588677120.0,9827.35,9819.55,9846.93,9761.98,0.44,653348044800.0,13427.61,13453.37,13502.16,13306.66,0.18,1213865394176.0,4695.05,4688.12,4695.18,4654.21,0.35,593977147392.0,5713,2973,179,101,15,8981,3948.66,3860.42,盘整,上涨,False
2025-11-11,4002.76,4023.88,4024.94,3991.52,-0.39,858362150912.0,9821.88,9852.73,9876.28,9805.86,-0.06,640606732288.0,13289.01,13476.25,13493.17,13271.67,-1.03,1135223898112.0,4652.17,4706.34,4707.13,4648.49,-0.91,477629087744.0,3859,4760,247,96,10,8972,3955.54,3866.34,盘整,上涨,False
2025-11-12,4000.14,3996.56,4020.38,3980.68,-0.07,840467218432.0,9751.99,9796.23,9804.4,9664.76,-0.71,608951009280.0,13240.62,13240.7,13312.53,13120.71,-0.36,1104567074816.0,4645.91,4643.56,4669.61,4620.99,-0.13,492308856832.0,2992,5643,234,72,21,8962,3959.93,3871.91,盘整,上涨,False
2025-11-13,4029.5,3996.51,4030.4,3994.77,0.73,876400934912.0,9876.86,9745.86,9892.84,9729.13,1.28,642554462208.0,13476.52,13228.5,13488.63,13222.78,1.78,1165561167872.0,4702.07,4643.79,4703.49,4643.79,1.21,510060691456.0,6908,1756,221,126,10,9021,3965.6,3877.68,上涨,上涨,False
2025-11-14,3990.49,4007.13,4034.08,3990.31,-0.97,837969510400.0,9771.28,9792.25,9881.85,9771.28,-1.07,629866954752.0,13216.03,13323.45,13394.06,13216.03,-1.93,1120109461504.0,4628.14,4663.32,4684.26,4628.02,-1.57,444720447488.0,2516,6162,207,95,32,9012,3973.13,3883.08,上涨,下跌,False
2025-11-17,3972.03,3988.56,3992.4,3958.95,-0.46,805733138432.0,9805.26,9783.79,9826.23,9757.98,0.35,604380004352.0,13202.0,13200.54,13251.78,13137.28,-0.11,1105057939456.0,4598.05,4616.81,4624.9,4580.26,-0.65,438940106752.0,3771,4900,201,120,8,9000,3978.54,3887.67,上涨,盘整,False
2025-11-18,3939.81,3962.44,3966.89,3926.59,-0.81,790948610048.0,9695.4,9779.1,9788.36,9649.56,-1.12,625147117568.0,13080.49,13161.7,13223.12,13022.44,-0.92,1135119171584.0,4568.19,4584.79,4606.62,4552.8,-0.65,420150116352.0,1881,6893,102,58,63,8997,3979.71,3891.2,上涨,盘整,False
2025-11-19,3946.74,3937.92,3960.05,3930.07,0.18,720908779520.0,9593.95,9680.03,9713.64,9546.03,-1.05,562714050560.0,13080.09,13071.94,13164.97,13009.01,-0.0,1004999671808.0,4588.29,4568.04,4607.86,4568.04,0.44,385230471168.0,2556,6174,157,67,26,8980,3981.36,3894.85,上涨,盘整,False
2025-11-20,3931.05,3960.7,3967.97,3927.51,-0.4,711341309952.0,9520.68,9645.51,9660.94,9509.32,-0.76,538701987840.0,12980.82,13215.07,13226.04,12970.56,-0.76,996847452160.0,4564.95,4619.54,4620.65,4560.18,-0.51,415064817664.0,2112,6537,229,51,28,8957,3981.79,3897.6,上涨,盘整,False
2025-11-21,3834.89,3896.66,3912.01,3834.75,-2.45,824931123200.0,9161.5,9388.33,9446.82,9161.44,-3.77,626681839616.0,12538.07,12752.72,12812.38,12538.07,-3.41,1140729577472.0,4453.61,4513.39,4527.04,4453.18,-2.44,481295826944.0,480,8362,39,43,127,9051,3976.02,3898.66,上涨,盘整,False
2025-11-24,3836.77,3848.66,3854.33,3816.58,0.05,715539218432.0,9320.02,9222.88,9361.87,9176.44,1.73,556662194176.0,12585.08,12605.13,12655.29,12448.32,0.37,1012234256384.0,4448.05,4473.16,4478.81,4421.81,-0.12,425807478784.0,6472,2193,221,105,31,9022,3968.02,3898.85,上涨,盘整,False
2025-11-25,3870.02,3850.57,3882.03,3845.14,0.87,722788810752.0,9467.63,9369.08,9546.63,9369.08,1.58,615170506752.0,12777.31,12692.09,12882.81,12684.29,1.53,1089358594048.0,4490.4,4475.84,4510.77,4467.35,0.95,411523809280.0,7284,1392,206,104,10,8996,3962.11,3898.62,上涨,盘整,False
2025-11-26,3864.18,3867.43,3879.92,3861.18,-0.15,701019848704.0,9452.96,9447.75,9536.82,9434.73,-0.15,591168929792.0,12907.83,12769.93,13012.33,12749.02,1.02,1082326581248.0,4517.63,4490.2,4538.14,4485.7,0.61,427361370112.0,3354,5267,268,84,20,8993,3954.5,3898.55,上涨,盘整,False
2025-11-27,3875.26,3867.2,3895.59,3864.13,0.29,698519126016.0,9468.66,9444.74,9557.24,9444.74,0.17,565275262976.0,12875.19,12903.91,13082.77,12863.26,-0.25,1011274481664.0,4515.4,4520.01,4559.22,4509.86,-0.05,417789837312.0,4079,4442,364,70,17,8972,3948.92,3899.8,上涨,上涨,False
2025-11-28,3888.6,3870.94,3888.89,3856.25,0.34,645755830272.0,9573.58,9466.53,9573.58,9441.68,1.11,543606046720.0,12984.08,12869.66,13000.07,12834.08,0.85,940040388608.0,4526.66,4511.5,4531.72,4492.43,0.25,341832302592.0,6881,1782,218,104,11,8996,3945.61,3900.55,上涨,上涨,False
2025-12-01,3914.01,3894.21,3914.46,3890.95,0.65,785658347520.0,9647.57,9594.66,9653.79,9589.15,0.77,600547065856.0,13146.72,13038.16,13149.4,12993.89,1.25,1088279478272.0,4576.49,4539.19,4576.97,4531.29,1.1,463861579776.0,6191,2433,249,79,13,8965,3942.48,3901.48,上涨,上涨,False
2025-12-02,3897.71,3908.46,3908.77,3888.33,-0.42,627440680960.0,9567.47,9619.38,9619.38,9531.13,-0.83,523301879808.0,13056.7,13130.07,13132.81,13011.11,-0.68,965989564416.0,4554.33,4571.91,4575.49,4539.43,-0.48,364366430208.0,2150,6492,234,52,17,8945,3939.36,3901.85,上涨,盘整,False
2025-12-03,3878.0,3894.16,3901.7,3869.95,-0.51,647166558208.0,9474.03,9565.45,9581.69,9440.67,-0.98,542269308928.0,12955.25,13071.16,13126.67,12922.68,-0.78,1022795776000.0,4531.05,4554.59,4569.82,4523.5,-0.51,374486171648.0,2096,6583,197,62,20,8958,3934.79,3902.18,上涨,盘整,False
2025-12-04,3875.79,3879.74,3888.86,3859.05,-0.06,623712600064.0,9439.08,9465.66,9485.81,9369.3,-0.37,494367965184.0,13006.72,12957.8,13042.96,12881.56,0.4,925247275008.0,4546.57,4533.6,4557.42,4514.19,0.34,348767387648.0,3032,5627,220,48,30,8957,3928.2,3903.22,上涨,下跌,False
2025-12-05,3902.81,3873.12,3907.78,3863.31,0.7,716742459392.0,9592.19,9433.2,9592.19,9379.67,1.62,553295544320.0,13147.68,13020.29,13164.48,12938.35,1.08,1009028890624.0,4584.54,4547.91,4593.83,4535.02,0.84,412146794496.0,7378,1335,172,114,3,9002,3923.46,3905.5,上涨,下跌,False
2025-12-08,3924.08,3909.23,3936.31,3904.74,0.54,839439024128.0,9724.13,9616.92,9751.48,9616.92,1.38,657126260736.0,13329.99,13178.96,13389.67,13178.96,1.39,1197207322624.0,4621.75,4593.14,4640.63,4592.74,0.81,496716185600.0,5778,2881,236,104,8,9007,3918.73,3907.36,上涨,盘整,False
2025-12-09,3909.52,3916.51,3923.9,3902.13,-0.37,781160415232.0,9681.76,9698.06,9759.54,9671.19,-0.44,624982884352.0,13277.36,13295.62,13398.25,13227.77,-0.39,1122792898560.0,4598.22,4611.38,4628.7,4584.25,-0.51,452113891328.0,1893,6875,135,62,18,8983,3914.07,3908.74,上涨,上涨,False
2025-12-10,3900.5,3901.13,3906.12,3876.47,-0.23,730359857152.0,9709.59,9661.01,9725.78,9610.92,0.29,577111195648.0,13316.42,13251.27,13344.85,13126.21,0.29,1048145035264.0,4591.83,4586.25,4598.54,4549.08,-0.14,401452793856.0,4443,4109,335,72,7,8966,3909.09,3910.3,上涨,上涨,False
2025-12-11,3873.32,3903.89,3904.96,3862.82,-0.7,764350169088.0,9571.37,9726.51,9730.62,9571.37,-1.42,601537445888.0,13147.39,13333.29,13388.26,13147.39,-1.27,1092762468352.0,4552.18,4597.19,4610.28,4547.14,-0.86,432431104000.0,1431,7356,111,55,30,8983,3901.28,3911.31,上涨,下跌,False
2025-12-12,3889.35,3869.41,3891.81,3850.6,0.41,909950910464.0,9658.32,9566.69,9684.34,9539.65,0.91,650960961536.0,13258.33,13174.45,13284.27,13085.42,0.84,1182255415296.0,4580.95,4558.74,4583.68,4530.78,0.63,523863228416.0,5274,3384,240,118,23,9039,3896.22,3911.55,上涨,下跌,False
2025-12-15,3867.92,3865.4,3896.98,3863.63,-0.55,764604841984.0,9598.55,9604.22,9685.02,9591.37,-0.62,570283393024.0,13112.09,13150.43,13244.03,13111.38,-1.1,1008834641920.0,4552.06,4550.0,4595.05,4548.44,-0.63,424383381504.0,3287,5377,233,74,21,8992,3891.02,3911.5,上涨,下跌,False
2025-12-16,3824.81,3861.51,3862.43,3815.84,-1.11,733294034944.0,9426.65,9586.24,9587.33,9380.25,-1.79,561597317120.0,12914.67,13084.88,13113.99,12851.22,-1.51,990879088640.0,4497.55,4542.42,4553.08,4484.27,-1.2,390500122624.0,1356,7462,84,55,39,8996,3885.27,3910.91,上涨,下跌,False
2025-12-17,3870.28,3822.51,3881.75,3818.0,1.19,766820548608.0,9541.38,9411.57,9554.03,9356.95,1.22,571525300224.0,13224.51,12927.39,13254.81,12927.39,2.4,1044325072896.0,4579.88,4499.77,4594.66,4498.93,1.83,452504748032.0,6595,2079,235,79,28,9016,3881.44,3911.05,上涨,盘整,False
2025-12-18,3876.37,3857.26,3888.29,3856.42,0.16,704895582208.0,9524.48,9481.03,9617.0,9476.7,-0.18,540520873984.0,13053.97,13112.61,13205.22,13053.97,-1.29,950587359232.0,4552.79,4553.98,4571.97,4544.14,-0.59,382102405120.0,4227,4404,272,77,19,8999,3878.71,3911.05,盘整,盘整,False
2025-12-19,3890.45,3878.23,3902.67,3871.78,0.36,738065973248.0,9622.46,9555.79,9651.88,9555.01,1.03,568175755264.0,13140.21,13116.19,13217.44,13070.73,0.66,987848704000.0,4568.18,4561.37,4591.09,4546.85,0.34,371577159680.0,7348,1402,151,108,11,9020,3881.49,3912.03,盘整,上涨,False
2025-12-22,3917.36,3900.54,3920.01,3900.52,0.69,789756379136.0,9723.62,9661.25,9752.4,9660.82,1.05,598080552960.0,13332.73,13225.4,13349.08,13225.4,1.47,1072183312384.0,4611.62,4587.67,4615.87,4587.67,0.95,448240615424.0,5535,3072,295,109,18,9029,3885.52,3913.65,盘整,上涨,False
2025-12-23,3919.98,3919.11,3937.13,3910.74,0.07,806853410816.0,9692.47,9722.35,9753.06,9654.01,-0.32,626101977088.0,13368.99,13338.93,13447.29,13305.76,0.27,1092987256832.0,4620.73,4616.03,4644.53,4607.8,0.2,433141317632.0,2919,5778,211,78,29,9015,3888.01,3915.17,盘整,上涨,False
2025-12-24,3940.95,3920.35,3947.04,3912.31,0.53,773928648704.0,9848.04,9683.51,9854.32,9680.33,1.61,621825818624.0,13486.42,13378.48,13497.1,13347.76,0.88,1106339692544.0,4634.06,4623.68,4639.43,4602.14,0.29,406375628800.0,6935,1697,287,127,8,9054,3891.85,3917.16,盘整,上涨,False
2025-12-25,3959.62,3937.72,3964.07,3936.08,0.47,785018650624.0,9965.0,9855.43,9978.15,9848.15,1.19,665031475200.0,13531.41,13472.7,13563.06,13407.37,0.33,1139504185344.0,4642.54,4629.32,4651.15,4621.92,0.18,385356070912.0,6499,2110,323,116,16,9064,3896.07,3918.92,盘整,上涨,False
2025-12-26,3963.68,3957.83,3977.71,3945.52,0.1,893644374016.0,9964.26,9961.22,10017.6,9892.16,-0.01,719560179712.0,13603.89,13539.05,13674.87,13517.8,0.54,1266547032064.0,4657.24,4639.79,4676.13,4635.11,0.32,460426936320.0,3839,4799,295,106,24,9063,3899.83,3920.76,盘整,上涨,False
2025-12-29,3965.28,3964.65,3983.98,3956.95,0.04,903819755520.0,9958.91,9958.51,10002.81,9917.44,-0.05,696746049536.0,13537.1,13604.3,13650.7,13494.96,-0.49,1235517833216.0,4639.37,4658.27,4672.04,4629.06,-0.38,482613526528.0,2904,5806,216,103,34,9063,3902.39,3923.05,盘整,上涨,False
2025-12-30,3965.12,3947.87,3979.99,3947.42,-0.0,887533338624.0,9954.61,9906.56,10004.16,9897.3,-0.04,705537114112.0,13604.07,13466.3,13645.56,13465.67,0.49,1255086096384.0,4651.28,4617.32,4664.33,4616.63,0.26,457185492992.0,3689,5004,246,86,24,9049,3905.76,3924.76,盘整,上涨,False
2025-12-31,3968.84,3968.73,3977.54,3955.49,0.09,829511892992.0,9955.85,9967.76,9989.62,9897.17,0.01,671909019648.0,13525.02,13627.26,13642.53,13491.68,-0.58,1215723077632.0,4629.94,4656.48,4667.05,4622.1,-0.46,444491530240.0,3819,4826,305,85,21,9056,3910.3,3926.19,盘整,上涨,False
2026-01-05,4023.42,3986.97,4025.26,3983.58,1.38,1067334172672.0,10155.81,10003.67,10155.94,9981.2,2.01,797498933248.0,13828.63,13633.63,13828.97,13633.63,2.24,1479013040128.0,4717.75,4661.62,4721.64,4661.62,1.9,630577364992.0,7273,1541,144,177,38,9173,3917.68,3927.69,盘整,盘整,False
2026-01-06,4083.67,4026.02,4083.67,4025.09,1.5,1175768662016.0,10293.14,10163.76,10293.14,10162.51,1.35,855666065408.0,14022.55,13830.3,14024.12,13827.79,1.4,1630806343680.0,4790.69,4719.21,4790.69,4718.01,1.55,725414576128.0,7347,1464,163,151,6,9131,3926.73,3930.8,盘整,盘整,False
2026-01-07,4085.77,4083.84,4098.78,4069.44,0.05,1197422804992.0,10348.54,10293.62,10382.9,10277.66,0.54,904666546176.0,14030.56,14062.02,14111.18,13935.53,0.06,1656796741632.0,4776.67,4796.93,4802.6,4751.07,-0.29,664897912832.0,3886,4898,187,124,19,9114,3934.81,3934.07,盘整,盘整,False
2026-01-08,4082.98,4077.72,4093.87,4067.12,-0.07,1183188779008.0,10468.51,10326.39,10487.6,10326.39,1.16,909020102656.0,13959.48,13971.89,14033.59,13883.81,-0.51,1617195827200.0,4737.65,4761.01,4765.49,4717.01,-0.82,630655614976.0,5580,3170,219,138,16,9123,3943.48,3937.7,盘整,盘整,False
2026-01-09,4120.43,4086.76,4121.72,4083.62,0.92,1289205972992.0,10673.61,10471.62,10675.54,10471.62,1.96,1057920647168.0,14120.15,13917.78,14139.54,13917.78,1.15,1833561227264.0,4758.92,4725.96,4771.43,4719.13,0.45,668788785152.0,6974,1738,257,170,4,9143,3954.48,3941.17,盘整,盘整,False
2026-01-12,4165.29,4134.89,4168.36,4119.88,1.09,1446230097920.0,10985.02,10758.06,11000.31,10733.63,2.92,1224348401664.0,14366.91,14186.86,14391.28,14089.59,1.75,2155220041728.0,4789.92,4769.65,4795.93,4737.57,0.65,799954108416.0,7071,1676,226,392,3,9368,3969.08,3945.32,盘整,盘整,False
2026-01-13,4138.76,4169.7,4179.7,4126.23,-0.64,1481574187008.0,10780.35,11015.58,11015.58,10750.59,-1.86,1241034522624.0,14169.4,14397.68,14458.88,14113.17,-1.37,2169490505728.0,4761.03,4798.05,4836.95,4745.52,-0.6,801054982144.0,2514,6282,182,101,127,9206,3981.55,3950.3,盘整,上涨,False
2026-01-14,4126.09,4138.65,4190.87,4103.62,-0.31,1607041286144.0,10881.05,10777.44,11071.19,10732.58,0.93,1309384245248.0,14248.6,14194.11,14459.21,14099.98,0.56,2334442913792.0,4741.93,4767.7,4818.1,4720.25,-0.4,891334230016.0,4780,3996,202,179,20,9177,3994.46,3954.67,盘整,上涨,False
2026-01-15,4112.6,4106.22,4133.07,4096.85,-0.33,1175915069440.0,10815.73,10782.23,10861.58,10703.82,-0.6,940334710784.0,14306.73,14158.66,14328.6,14155.5,0.41,1729648263168.0,4751.43,4721.8,4769.55,4720.94,0.2,674058665984.0,3646,5142,194,73,122,9177,4008.85,3957.94,盘整,上涨,False
2026-01-16,4101.91,4127.06,4140.23,4091.81,-0.26,1338017316864.0,10813.63,10855.8,10890.63,10742.25,-0.02,935744372736.0,14281.08,14374.54,14424.35,14257.59,-0.18,1688305139712.0,4731.87,4778.43,4792.55,4715.36,-0.41,785624137728.0,3823,4970,192,99,78,9162,4020.43,3961.08,盘整,上涨,False
2026-01-19,4114.0,4090.72,4126.52,4090.06,0.29,1190137823232.0,10885.58,10773.85,10916.49,10764.0,0.67,857524207616.0,14294.05,14221.93,14392.88,14221.93,0.09,1518289551360.0,4734.46,4720.19,4761.63,4715.09,0.05,655149236224.0,5496,3312,180,119,37,9144,4032.31,3964.27,盘整,上涨,False
2026-01-20,4113.65,4116.37,4128.93,4080.29,-0.01,1221485658112.0,10757.62,10888.84,10925.89,10677.34,-1.18,872402649088.0,14155.63,14307.55,14337.12,14033.22,-0.97,1556313014272.0,4718.88,4736.91,4748.23,4684.97,-0.33,671960662016.0,3445,5346,203,71,35,9100,4043.47,3966.99,盘整,上涨,False
2026-01-21,4116.94,4103.53,4135.96,4103.53,0.08,1180184608768.0,10859.29,10695.15,10888.08,10681.59,0.95,828534947840.0,14255.13,14102.21,14320.94,14102.21,0.7,1420516917248.0,4723.07,4714.55,4758.28,4714.24,0.09,665330515968.0,5474,3228,297,124,9,9132,4053.45,3968.99,盘整,上涨,False
2026-01-22,4122.58,4126.07,4140.84,4109.92,0.14,1201764171776.0,10955.56,10884.41,10955.56,10863.82,0.89,829005889536.0,14327.05,14313.63,14374.51,14223.34,0.5,1489968431104.0,4723.71,4741.75,4757.76,4700.45,0.01,690235244544.0,6027,2745,227,110,5,9114,4063.58,3971.23,盘整,上涨,False
2026-01-23,4136.16,4130.11,4143.75,4120.2,0.33,1336857067520.0,11173.26,10989.65,11173.26,10974.04,1.99,989057384448.0,14439.66,14349.01,14449.84,14320.51,0.79,1748367048704.0,4702.5,4729.59,4734.79,4684.62,-0.45,755617759232.0,6547,2229,224,182,8,9190,4073.34,3973.23,盘整,上涨,False
2026-01-26,4132.61,4144.78,4160.99,4124.7,-0.09,1451859902464.0,11021.31,11216.76,11230.61,10935.01,-1.36,1027841196032.0,14316.64,14492.42,14532.9,14277.67,-0.85,1796342808576.0,4706.96,4715.38,4754.18,4693.16,0.09,796832956416.0,2711,6134,159,116,86,9206,4081.99,3975.66,盘整,上涨,False
2026-01-27,4139.9,4125.22,4158.8,4101.83,0.18,1289432334336.0,11058.56,10962.29,11077.64,10771.41,0.34,917875785728.0,14329.91,14283.78,14403.6,14105.13,0.09,1605549162496.0,4705.69,4705.17,4736.99,4675.64,-0.03,715267899392.0,3619,5214,170,90,8,9101,4090.8,3978.74,盘整,上涨,False
2026-01-28,4151.24,4150.22,4170.15,4138.02,0.27,1365526052864.0,11049.32,11064.1,11101.2,10989.19,-0.08,903742554112.0,14342.89,14371.96,14411.65,14234.89,0.09,1599884230656.0,4717.99,4725.6,4739.63,4697.91,0.26,829414047744.0,3588,5244,176,134,22,9164,4100.1,3981.66,盘整,上涨,False
2026-01-29,4157.98,4155.92,4170.21,4138.3,0.16,1485795360768.0,10929.75,11019.13,11135.63,10905.44,-1.08,989061120000.0,14300.08,14332.7,14418.09,14252.2,-0.3,1744212983808.0,4753.87,4733.09,4770.96,4696.05,0.76,917966159872.0,3427,5435,154,126,28,9170,4109.74,3984.95,盘整,盘整,False
2026-01-30,4117.95,4131.99,4152.85,4064.78,-0.96,1269855682560.0,10865.03,10831.8,10923.52,10629.91,-0.59,860260663296.0,14205.89,14214.14,14291.57,13923.95,-0.66,1565682040832.0,4706.34,4723.08,4738.87,4645.47,-1.0,750564868096.0,3257,5587,173,82,97,9196,4117.2,3987.43,盘整,盘整,False
2026-02-02,4015.75,4079.71,4103.41,4013.66,-2.48,1163532697600.0,10532.09,10763.13,10850.36,10532.09,-3.06,760263802880.0,13824.35,14128.87,14213.61,13815.28,-2.69,1421232439296.0,4605.98,4674.28,4716.61,4601.76,-2.13,725920382976.0,939,8022,59,51,222,9293,4116.81,3987.56,上涨,盘整,False
2026-02-03,4067.74,4043.91,4069.42,4002.78,1.29,1110720249856.0,10855.97,10642.83,10856.73,10617.02,3.08,786830852096.0,14127.11,13986.89,14129.6,13815.23,2.19,1433511264256.0,4660.11,4648.36,4662.13,4578.21,1.18,666626818048.0,8040,869,118,144,20,9191,4116.02,3988.73,上涨,下跌,False
2026-02-04,4102.2,4064.68,4104.62,4062.68,0.85,1063544750080.0,10851.89,10828.05,10861.22,10720.9,-0.04,783436808192.0,14156.27,14072.41,14173.77,13958.08,0.21,1417426370560.0,4698.68,4647.97,4701.48,4641.84,0.83,636018622464.0,5512,3360,158,78,31,9139,4116.84,3990.13,上涨,下跌,False
2026-02-05,4075.92,4075.03,4088.9,4048.94,-0.64,946988908544.0,10670.75,10736.28,10784.12,10626.34,-1.67,677572837376.0,13952.71,14020.84,14074.36,13874.02,-1.44,1229230571520.0,4670.42,4664.75,4687.02,4639.43,-0.6,550433193984.0,2338,6488,200,59,42,9127,4116.48,3991.35,上涨,下跌,False
2026-02-06,4065.58,4040.3,4095.03,4029.97,-0.25,898655059968.0,10676.48,10567.11,10799.94,10534.27,0.05,689299062784.0,13906.73,13801.03,14065.78,13726.86,-0.33,1247064358912.0,4643.6,4622.97,4678.26,4606.64,-0.57,505759793152.0,4158,4588,275,79,12,9112,4113.74,3992.44,上涨,盘整,False
2026-02-09,4123.09,4103.54,4123.16,4093.06,1.41,949726347264.0,10910.44,10834.34,10910.81,10799.54,2.19,744978644992.0,14208.44,14115.14,14211.7,14060.67,2.17,1299746914304.0,4719.06,4693.67,4719.96,4679.9,1.63,522757275648.0,7940,952,133,140,6,9171,4111.63,3994.0,上涨,盘整,False
2026-02-10,4128.37,4127.77,4134.34,4117.56,0.13,882201722880.0,10913.54,10917.06,10946.72,10854.77,0.03,721661198336.0,14210.63,14200.76,14258.51,14165.43,0.02,1223333511168.0,4724.3,4718.26,4732.09,4713.87,0.11,450339569664.0,4151,4586,294,79,13,9123,4111.11,3996.29,上涨,盘整,False
2026-02-11,4131.99,4124.43,4142.56,4122.43,0.09,822607544320.0,10882.94,10894.56,10970.13,10881.41,-0.28,651372199936.0,14160.93,14186.65,14250.34,14156.16,-0.35,1161644867584.0,4713.82,4715.67,4723.7,4703.69,-0.22,433428627456.0,3629,5102,302,65,19,9117,4111.41,3998.96,上涨,盘整,False
2026-02-12,4134.02,4136.99,4140.59,4124.13,0.05,897955004416.0,10969.25,10901.3,11006.07,10860.42,0.79,706757656576.0,14283.0,14177.97,14296.48,14177.29,0.86,1243783364608.0,4719.58,4720.01,4726.04,4707.74,0.12,490473848832.0,4103,4762,169,95,35,9164,4112.48,4002.2,上涨,盘整,False
2026-02-13,4082.07,4115.92,4123.84,4079.77,-1.26,846808350720.0,10857.59,10920.86,11008.11,10851.15,-1.02,646443433984.0,14100.19,14188.35,14258.83,14092.84,-1.28,1135871655936.0,4660.41,4693.41,4703.63,4658.4,-1.25,452878598144.0,2090,6795,157,43,28,9113,4111.49,4004.45,上涨,下跌,False
2026-02-24,4117.41,4129.13,4131.55,4105.94,0.87,938611376128.0,10969.71,10991.39,11033.99,10872.66,1.03,705085308928.0,14291.57,14313.86,14376.96,14214.41,1.36,1263450456064.0,4707.54,4727.3,4727.37,4698.35,1.01,526084243456.0,6516,2383,141,153,37,9230,4111.66,4007.56,上涨,盘整,False
2026-02-25,4147.23,4123.78,4167.84,4122.7,0.72,1085969530880.0,11112.99,10989.16,11135.18,10963.84,1.31,772270981120.0,14475.87,14322.24,14512.85,14314.15,1.29,1376578174976.0,4735.89,4713.58,4766.56,4713.34,0.6,596903854080.0,6412,2406,227,110,11,9166,4113.34,4012.76,上涨,盘整,False
2026-02-26,4146.63,4151.07,4152.19,4127.15,-0.01,1067198709760.0,11210.37,11131.72,11216.89,11083.0,0.88,811894964224.0,14503.79,14495.86,14536.08,14408.88,0.19,1471247155200.0,4726.87,4741.39,4742.15,4706.69,-0.19,599848910848.0,3890,4943,210,92,13,9148,4114.82,4017.93,上涨,上涨,False
2026-02-27,4162.88,4128.9,4166.23,4128.36,0.39,1072367861760.0,11306.91,11137.33,11307.23,11132.32,0.86,808336687104.0,14495.09,14375.25,14497.96,14366.35,-0.06,1415655718912.0,4710.65,4698.3,4721.01,4692.89,-0.34,578820964352.0,5506,3269,265,100,1,9141,4116.84,4022.81,上涨,上涨,False
2026-03-02,4182.59,4151.8,4188.77,4131.37,0.47,1345892515840.0,11173.22,11167.24,11269.54,11077.91,-1.18,956752134144.0,14465.79,14327.65,14509.69,14285.67,-0.2,1674826219520.0,4728.67,4681.01,4735.41,4667.28,0.38,752681943040.0,2384,6532,127,156,33,9232,4119.16,4028.12,上涨,上涨,False
2026-03-03,4122.68,4189.41,4197.23,4116.01,-1.43,1425790205952.0,10706.97,11197.36,11211.62,10692.78,-4.17,969154035712.0,14022.39,14498.7,14526.06,14007.65,-3.07,1703720255488.0,4655.9,4737.32,4744.6,4651.4,-1.54,801659224064.0,1068,7926,59,121,136,9310,4118.66,4032.24,上涨,上涨,False
2026-03-04,4082.47,4087.63,4106.04,4055.41,-0.98,1113082036224.0,10664.33,10562.04,10824.42,10562.04,-0.4,721827463168.0,13917.75,13854.37,14112.02,13854.37,-0.75,1252672012288.0,4602.62,4609.19,4639.42,4575.82,-1.14,608923156480.0,2378,6536,144,67,44,9169,4115.79,4035.47,上涨,上涨,False
2026-03-05,4108.57,4109.78,4125.62,4090.62,0.64,1068043730944.0,10797.26,10851.44,10867.24,10730.8,1.25,762264289280.0,14088.84,14160.2,14202.76,13999.7,1.23,1321994027008.0,4647.69,4651.94,4671.53,4630.3,0.98,570443759616.0,6870,2021,165,109,13,9178,4113.66,4038.71,上涨,上涨,False
2026-03-06,4124.19,4085.9,4129.46,4085.9,0.38,978805915648.0,10907.54,10734.85,10939.7,10731.33,1.02,710785171456.0,14172.63,14015.54,14212.84,13969.34,0.59,1221343313920.0,4660.44,4621.49,4671.71,4612.79,0.27,487807090688.0,7099,1798,159,115,8,9179,4111.97,4042.49,上涨,上涨,False
2026-03-09,4096.6,4098.7,4106.53,4052.55,-0.67,1194106159104.0,10828.24,10733.08,10857.05,10540.82,-0.73,814971748352.0,14067.5,13920.29,14103.63,13701.67,-0.74,1453438664704.0,4615.46,4600.25,4625.98,4548.97,-0.97,665821511680.0,2101,6818,142,74,17,9152,4110.9,4046.13,上涨,上涨,False
2026-03-10,4123.14,4098.59,4123.96,4098.59,0.65,1036427198464.0,11048.09,10921.89,11049.5,10921.89,2.03,785308385280.0,14354.07,14239.3,14357.82,14239.3,2.04,1361460461568.0,4674.76,4648.79,4677.6,4648.79,1.28,557607878656.0,7626,1290,142,111,8,9177,4116.27,4050.25,上涨,上涨,False
2026-03-11,4133.43,4123.67,4135.84,4112.8,0.25,1063600848896.0,11036.89,11062.11,11113.82,10999.02,-0.1,800800374784.0,14465.41,14373.74,14531.02,14373.01,0.78,1444776771584.0,4704.5,4681.03,4711.87,4674.71,0.64,579564404736.0,3989,4819,250,74,9,9141,4119.55,4054.1,上涨,上涨,False
2026-03-12,4129.1,4133.2,4141.65,4103.16,-0.1,1078215311360.0,10954.97,11025.54,11050.63,10873.83,-0.74,767200722944.0,14374.87,14457.63,14478.05,14245.77,-0.63,1363682656256.0,4687.56,4700.72,4704.38,4654.31,-0.36,572105490432.0,2255,6615,183,68,10,9131,4120.9,4057.52,上涨,上涨,False
2026-03-13,4095.45,4117.57,4134.08,4086.85,-0.81,1063918174208.0,10784.55,10904.01,10955.61,10760.66,-1.56,734853791744.0,14280.78,14300.92,14454.31,14245.96,-0.65,1336398970880.0,4669.14,4669.06,4707.42,4659.5,-0.39,580305616896.0,2106,6691,242,71,35,9145,4121.87,4060.61,上涨,盘整,False
2026-03-16,4084.79,4092.25,4096.13,4048.09,-0.26,1037223854080.0,10789.14,10777.16,10791.97,10627.44,0.04,696392482816.0,14307.58,14291.15,14320.1,14097.82,0.19,1288107065344.0,4671.56,4669.22,4673.69,4621.81,0.05,598799089664.0,4611,4183,248,73,14,9129,4122.84,4063.69,上涨,盘整,False
2026-03-17,4049.91,4086.3,4108.4,4049.58,-0.85,951228104704.0,10510.78,10803.82,10808.39,10509.68,-2.58,657194942464.0,14039.73,14370.45,14400.36,14039.5,-1.87,1256632877056.0,4637.44,4685.57,4720.86,4637.37,-0.73,578501476352.0,1465,7443,151,47,34,9140,4119.18,4066.63,上涨,盘整,False
2026-03-18,4062.98,4053.31,4065.37,4023.03,0.32,876327469056.0,10651.3,10549.98,10656.46,10471.45,1.34,616469889024.0,14187.8,14108.92,14203.91,13944.37,1.05,1169736204288.0,4658.33,4648.75,4662.29,4604.52,0.45,524173901824.0,5983,2870,197,98,7,9155,4115.91,4069.52,上涨,盘整,False
2026-03-19,4006.55,4028.54,4042.02,3994.17,-1.39,935264976896.0,10401.62,10512.16,10539.47,10357.12,-2.34,647413825536.0,13901.57,14003.7,14098.69,13852.6,-2.02,1175704043520.0,4583.25,4611.44,4634.55,4570.39,-1.61,547850289152.0,774,8220,59,44,24,9121,4109.63,4071.83,上涨,盘整,False
2026-03-20,3957.05,4004.57,4022.7,3955.71,-1.24,964863131648.0,10197.02,10450.53,10508.67,10197.02,-1.97,698558906368.0,13866.2,14021.46,14144.99,13856.49,-0.25,1321995599872.0,4567.02,4602.82,4628.71,4563.07,-0.35,615463059456.0,1254,7728,82,50,41,9155,4100.79,4074.04,上涨,下跌,False
2026-03-23,3813.28,3904.95,3906.62,3794.68,-3.63,1086248255488.0,9682.62,9998.12,10099.15,9617.77,-5.04,733855088640.0,13345.51,13619.94,13758.97,13274.18,-3.76,1345299021824.0,4418.0,4499.1,4514.72,4397.57,-3.26,671719751680.0,448,8606,16,53,142,9265,4087.35,4073.09,上涨,下跌,False
2026-03-24,3881.28,3849.63,3881.42,3807.99,1.78,931418865664.0,9968.29,9868.41,9968.29,9652.79,2.95,637993222144.0,13536.56,13514.67,13536.56,13169.25,1.43,1151449432064.0,4474.72,4458.91,4474.83,4394.29,1.28,530149376000.0,8478,534,61,145,1,9219,4075.54,4073.17,上涨,下跌,False
2026-03-25,3931.84,3892.27,3933.06,3891.82,1.3,967854260224.0,10181.34,10040.88,10213.62,10040.88,2.14,688919347200.0,13801.0,13669.05,13835.03,13666.84,1.95,1211975467008.0,4537.47,4506.62,4542.18,4502.03,1.4,550428147712.0,8182,798,86,112,7,9185,4064.77,4073.86,上涨,下跌,False
2026-03-26,3889.08,3924.96,3937.1,3880.57,-1.09,848361357312.0,10023.52,10170.93,10221.23,9990.29,-1.55,613900812288.0,13606.44,13756.87,13853.1,13573.12,-1.41,1095254605824.0,4477.53,4525.33,4541.05,4468.96,-1.32,471127490560.0,1259,7664,133,44,26,9126,4051.89,4073.39,上涨,下跌,False
2026-03-27,3913.72,3852.09,3924.11,3852.09,0.63,799696420864.0,10172.45,9877.58,10214.94,9875.46,1.49,596938457088.0,13760.37,13423.51,13842.4,13419.31,1.13,1053577052160.0,4502.57,4431.5,4519.89,4431.42,0.56,440517558272.0,7279,1623,149,108,11,9170,4039.43,4073.28,上涨,下跌,False
2026-03-30,3923.29,3884.28,3924.29,3872.78,0.24,839822409728.0,10201.33,10055.5,10202.04,9998.02,0.28,612368384000.0,13726.19,13618.79,13748.21,13536.56,-0.25,1076071366656.0,4491.95,4461.74,4496.41,4447.14,-0.24,444629516288.0,4341,4450,248,86,24,9149,4026.47,4072.99,上涨,下跌,False
2026-03-31,3891.86,3924.07,3948.81,3891.86,-0.8,891945353216.0,10022.45,10175.23,10252.92,10021.14,-1.75,624912760832.0,13478.06,13683.68,13783.97,13478.06,-1.81,1100705955840.0,4450.05,4491.92,4523.17,4450.05,-0.93,484558110720.0,1455,7418,169,66,26,9134,4014.93,4071.86,盘整,下跌,False
2026-04-01,3948.55,3939.57,3955.94,3929.92,1.46,897278214144.0,10240.59,10212.36,10257.31,10130.87,2.18,654816051200.0,13706.52,13731.39,13740.97,13603.79,1.7,1115237777408.0,4526.07,4517.27,4532.11,4492.05,1.71,503744069632.0,7637,1260,152,110,20,9179,4008.23,4071.61,盘整,上涨,False
2026-04-02,3919.29,3940.8,3952.58,3900.12,-0.74,811896537088.0,10051.44,10198.59,10239.41,9992.64,-1.85,610415673344.0,13486.94,13658.25,13680.63,13418.5,-1.6,1031097352192.0,4478.91,4514.44,4519.69,4459.61,-1.04,429949124608.0,1577,7368,103,44,32,9124,3998.77,4070.84,盘整,上涨,False
2026-04-03,3880.1,3927.59,3929.53,3871.3,-1.0,713830301696.0,9918.82,10091.57,10100.41,9900.38,-1.32,570009649152.0,13352.9,13553.65,13558.91,13345.61,-0.99,942677098496.0,4440.79,4492.85,4494.46,4437.6,-0.85,373234925568.0,1456,7491,110,57,52,9166,3986.56,4069.42,盘整,盘整,False
2026-04-07,3890.16,3884.15,3902.61,3875.68,0.26,723905806336.0,10019.03,9939.42,10063.25,9938.74,1.01,542404575232.0,13400.41,13392.94,13476.08,13305.51,0.36,890489012224.0,4440.62,4445.86,4458.93,4420.69,-0.0,378261700608.0,6451,2382,228,119,13,9193,3976.24,4068.11,盘整,下跌,False
2026-04-08,3995.0,3930.25,3995.0,3926.25,2.7,1074211717120.0,10485.5,10225.5,10485.5,10225.5,4.66,769367998464.0,14042.5,13717.22,14042.5,13694.91,4.79,1360312795136.0,4595.56,4517.34,4595.56,4513.77,3.49,641779171328.0,8570,466,37,269,16,9358,3969.84,4067.64,盘整,盘整,False
2026-04-09,3966.17,3967.63,3979.13,3955.25,-0.72,902481838080.0,10421.57,10390.74,10473.32,10378.37,-0.61,710680379392.0,13996.27,13928.43,14058.05,13891.48,-0.33,1231594323968.0,4566.22,4562.67,4579.2,4552.42,-0.64,500445675520.0,1729,7235,120,63,23,9170,3961.47,4065.68,盘整,盘整,False
2026-04-10,3986.22,3985.46,4011.02,3979.81,0.51,955664105472.0,10516.16,10496.01,10601.98,10496.01,0.91,732380659712.0,14309.47,14098.02,14382.61,14095.88,2.24,1367204560896.0,4636.57,4594.95,4655.1,4590.11,1.54,625718001664.0,6775,2099,207,86,11,9178,3954.33,4064.02,盘整,盘整,False
2026-04-13,3988.56,3971.2,3991.26,3966.2,0.06,919436460032.0,10547.16,10455.14,10558.92,10454.71,0.29,675224289280.0,14407.86,14233.11,14440.26,14233.11,0.69,1230931886080.0,4646.15,4615.13,4653.4,4615.13,0.21,556620972032.0,4161,4656,325,78,17,9237,3948.98,4062.45,盘整,盘整,False
2026-04-14,4026.63,4006.73,4026.63,3992.41,0.95,998435127296.0,10690.57,10625.75,10690.57,10575.52,1.36,762795655168.0,14639.95,14514.69,14640.77,14463.93,1.61,1385288564736.0,4701.28,4676.12,4701.28,4654.85,1.19,605717790720.0,6832,2008,243,92,6,9181,3946.08,4060.88,盘整,盘整,False
2026-04-15,4027.21,4039.47,4050.62,4020.9,0.01,1028851892224.0,10654.27,10743.16,10767.42,10625.11,-0.34,787065536512.0,14498.45,14736.01,14738.53,14440.21,-0.97,1386392977408.0,4685.25,4726.64,4731.27,4672.56,-0.34,604550529024.0,3128,5731,230,80,16,9185,3944.94,4058.58,盘整,盘整,False
2026-04-16,4055.55,4030.14,4057.83,4028.91,0.7,976565501952.0,10841.99,10673.13,10849.35,10645.94,1.76,777156427776.0,14796.33,14546.35,14807.16,14522.86,2.05,1365124841472.0,4736.61,4694.43,4739.22,4689.41,1.1,567611293696.0,7484,1378,285,123,6,9276,3944.57,4057.2,盘整,上涨,False
2026-04-17,4051.43,4043.38,4058.6,4038.43,-0.1,1013520662528.0,10928.8,10824.61,10959.12,10819.46,0.8,807516504064.0,14885.42,14806.28,14916.39,14787.87,0.6,1412063035392.0,4728.67,4729.0,4738.32,4714.47,-0.17,587622711296.0,3995,4861,288,102,20,9266,3946.81,4055.95,盘整,上涨,False
2026-04-20,4082.13,4053.37,4083.19,4051.69,0.76,1084578004992.0,11008.14,10931.22,11016.27,10922.52,0.73,851488866304.0,14966.75,14870.9,15006.92,14845.97,0.55,1494192095232.0,4757.44,4727.17,4763.04,4720.69,0.61,626568396800.0,6051,2738,360,118,15,9282,3953.07,4055.44,盘整,上涨,False
2026-04-21,4085.08,4075.85,4086.64,4062.13,0.07,1033349038080.0,10996.9,10965.37,11001.29,10886.31,-0.1,814586462208.0,14982.14,14920.38,15017.75,14774.08,0.1,1375194578944.0,4768.0,4750.51,4776.83,4722.01,0.22,580407984128.0,3544,5315,234,66,20,9179,3966.66,4055.16,盘整,上涨,False
2026-04-22,4106.26,4074.81,4106.84,4074.68,0.52,1093625905152.0,11146.04,10944.93,11147.39,10944.93,1.36,861064527872.0,15177.29,14897.96,15182.82,14897.96,1.3,1466159202304.0,4799.63,4751.28,4801.45,4750.35,0.66,619505647616.0,5260,3595,236,97,16,9204,3977.91,4055.03,盘整,上涨,False
2026-04-23,4093.25,4110.79,4114.84,4070.46,-0.32,1234396250112.0,10980.43,11147.86,11163.03,10900.65,-1.49,933074370560.0,15043.45,15234.22,15248.43,14934.68,-0.88,1570096152576.0,4786.33,4816.03,4823.47,4759.86,-0.28,693853749248.0,2077,6840,230,62,41,9250,3985.98,4054.69,盘整,上涨,False
2026-04-24,4079.9,4081.03,4092.61,4061.15,-0.33,1143000137728.0,10890.84,10922.83,10966.08,10817.77,-0.82,842230595584.0,14940.3,14951.74,15033.67,14795.22,-0.69,1498859044864.0,4769.37,4771.73,4786.44,4735.61,-0.35,680097808384.0,3114,5727,297,83,51,9272,3995.52,4054.08,盘整,上涨,False
2026-04-27,4086.34,4074.81,4092.83,4071.08,0.16,1136051879936.0,10943.4,10866.44,10972.98,10792.66,0.48,802014691328.0,14995.75,14960.02,15054.46,14919.22,0.37,1453399474176.0,4770.95,4776.34,4795.17,4762.64,0.03,648904835072.0,5269,3597,275,133,53,9327,4004.15,4053.47,盘整,上涨,False
2026-04-28,4078.64,4076.14,4090.2,4062.87,-0.19,1113955500032.0,10795.99,10902.54,10911.75,10748.01,-1.35,805606522880.0,14830.46,14925.22,14943.36,14772.46,-1.1,1422352318464.0,4758.21,4757.08,4778.19,4743.44,-0.27,631521673216.0,2645,6249,178,78,78,9228,4011.92,4052.51,盘整,上涨,False
2026-04-29,4107.51,4061.82,4112.15,4061.82,0.71,1126615351296.0,10930.01,10717.38,10959.89,10717.38,1.24,801612103680.0,15120.92,14751.42,15139.71,14751.42,1.96,1463521771520.0,4810.35,4737.58,4813.61,4737.11,1.1,681020489728.0,7073,1832,144,140,36,9225,4022.7,4052.1,盘整,上涨,False
2026-04-30,4112.16,4107.3,4118.76,4100.97,0.11,1276194717696.0,10989.93,10936.89,11012.21,10910.43,0.55,837416124416.0,15107.55,15157.07,15186.12,15044.86,-0.09,1464716754944.0,4807.31,4820.97,4829.27,4797.54,-0.06,726665396224.0,4692,4118,271,131,42,9254,4030.88,4051.63,盘整,盘整,False
2026-05-06,4160.17,4135.45,4166.15,4129.91,1.17,1465903218688.0,11246.17,11086.67,11282.51,11086.67,2.33,993982545920.0,15459.62,15323.19,15534.67,15254.99,2.33,1760931086336.0,4877.09,4857.65,4892.8,4834.28,1.45,881744281600.0,6832,2044,238,196,7,9317,4042.92,4051.78,盘整,盘整,False
2026-05-07,4180.09,4168.45,4180.21,4163.14,0.48,1359099461632.0,11464.71,11279.34,11464.71,11250.04,1.94,1003885625344.0,15641.89,15541.3,15652.58,15439.48,1.18,1784856051712.0,4900.51,4895.8,4901.86,4866.87,0.48,787236192256.0,6126,2773,263,161,16,9339,4057.92,4052.15,盘整,盘整,False
2026-05-08,4179.95,4163.85,4183.06,4154.25,-0.0,1331673038848.0,11540.91,11401.29,11559.44,11391.75,0.66,988631465984.0,15563.8,15520.38,15639.39,15466.84,-0.5,1716868874240.0,4871.91,4871.12,4887.21,4849.99,-0.58,716546113536.0,5251,3639,271,138,21,9320,4072.41,4053.18,盘整,盘整,False
2026-05-11,4225.02,4201.35,4229.58,4186.08,1.08,1584366747648.0,11693.03,11624.63,11713.36,11559.21,1.32,1103739092992.0,15899.3,15697.44,15921.65,15622.33,2.16,1954494676992.0,4951.84,4902.28,4960.4,4889.57,1.64,904479309824.0,5902,2986,274,174,15,9351,4083.91,4056.67,盘整,盘整,False
2026-05-12,4214.49,4229.28,4230.18,4199.34,-0.25,1465272631296.0,11623.91,11706.98,11706.98,11529.6,-0.59,1022579703808.0,15824.92,15952.79,15952.79,15711.27,-0.47,1777383768064.0,4948.05,4965.02,4971.3,4926.79,-0.08,819351453696.0,2279,6649,232,86,22,9268,4096.33,4059.12,盘整,盘整,False
2026-05-13,4242.57,4192.31,4245.07,4192.31,0.67,1447464009728.0,11804.15,11555.01,11806.73,11553.81,1.55,1025568014336.0,16089.75,15713.54,16100.46,15713.54,1.67,1792550109184.0,4998.34,4919.42,5001.12,4919.42,1.02,823173185536.0,5736,3151,276,183,14,9360,4109.15,4061.46,盘整,盘整,False
2026-05-14,4177.92,4256.16,4258.86,4177.92,-1.52,1498116784128.0,11560.86,11849.39,11852.15,11560.86,-2.06,1078532177920.0,15745.74,16202.22,16207.75,15745.74,-2.14,1864136916992.0,4914.6,5027.64,5030.52,4913.6,-1.68,857446350848.0,1430,7576,167,83,41,9297,4118.61,4063.16,盘整,盘整,False
2026-05-15,4135.39,4174.18,4191.81,4114.09,-1.02,1519240085504.0,11480.24,11571.96,11683.3,11388.9,-0.7,1055993823232.0,15561.37,15753.19,15855.55,15447.4,-1.17,1825236189184.0,4859.59,4911.62,4935.62,4832.69,-1.12,887687413760.0,2371,6603,208,93,41,9316,4124.05,4064.32,盘整,盘整,False
2026-05-18,4131.53,4120.14,4145.66,4108.6,-0.09,1315084173312.0,11517.0,11430.46,11576.4,11379.54,0.32,923503689728.0,15530.23,15465.3,15658.11,15419.04,-0.2,1578895933440.0,4833.52,4836.33,4868.6,4806.15,-0.54,733452828672.0,3658,5264,255,140,38,9355,4129.27,4064.46,盘整,盘整,False
2026-05-19,4169.54,4122.96,4170.29,4107.99,0.92,1306522419200.0,11645.28,11488.0,11646.29,11383.03,1.11,928999735296.0,15569.91,15469.36,15585.04,15221.35,0.26,1580035866624.0,4852.88,4818.71,4854.52,4773.53,0.4,712401027072.0,6422,2458,288,142,22,9332,4134.97,4065.15,盘整,盘整,False
2026-05-20,4162.18,4152.7,4169.85,4139.97,-0.18,1358926970880.0,11627.77,11588.94,11639.98,11491.12,-0.15,955914584064.0,15569.98,15487.43,15622.21,15426.38,0.0,1594787495936.0,4850.7,4829.61,4866.21,4825.64,-0.04,729653313536.0,3034,5928,212,97,42,9313,4140.51,4065.65,盘整,盘整,False
2026-05-21,4077.28,4174.38,4199.53,4074.22,-2.04,1595726757888.0,11216.6,11675.75,11735.11,11200.59,-3.54,1094735691776.0,15247.27,15707.96,15894.3,15232.6,-2.07,1885877960704.0,4783.1,4886.24,4937.93,4780.71,-1.39,891936374784.0,1155,7868,165,48,109,9345,4140.26,4064.71,盘整,下跌,False
2026-05-22,4112.9,4096.17,4120.09,4067.75,0.87,1285847515136.0,11480.5,11298.23,11508.12,11246.59,2.35,897736835072.0,15597.3,15382.29,15624.97,15295.57,2.3,1617472520192.0,4845.1,4818.84,4851.35,4785.35,1.3,771823304704.0,6526,2414,254,207,26,9427,4141.65,4065.22,盘整,盘整,False
2026-05-25,4152.57,4126.34,4153.88,4119.8,0.96,1445655347200.0,11565.25,11555.81,11577.48,11411.16,0.74,987952709632.0,15856.61,15716.39,15857.08,15547.16,1.66,1760074924032.0,4921.6,4873.2,4922.44,4857.13,1.58,861179412480.0,4344,4630,217,182,50,9423,4143.97,4065.81,盘整,盘整,False
2026-05-26,4145.37,4137.32,4150.29,4104.46,-0.17,1461685321728.0,11391.35,11501.83,11501.83,11226.02,-1.5,968513486848.0,15876.16,15786.82,15894.55,15662.16,0.12,1782006677504.0,4947.85,4900.12,4952.74,4892.68,0.53,899094478848.0,2751,6220,222,73,57,9323,4146.58,4065.77,盘整,盘整,False
2026-05-27,4093.73,4138.81,4153.56,4077.62,-1.25,1473449033728.0,11173.6,11374.2,11427.49,11096.52,-1.91,935803158528.0,15736.47,15868.9,16047.41,15656.65,-0.88,1765113200640.0,4908.17,4940.95,4974.21,4891.34,-0.8,909011910656.0,1466,7567,164,63,56,9316,4147.27,4064.89,盘整,盘整,False
2026-05-28,4098.64,4080.3,4110.78,4055.83,0.12,1361325719552.0,11329.21,11145.5,11356.46,11077.22,1.39,906017308672.0,15861.89,15691.16,15889.83,15504.79,0.8,1606824886272.0,4914.21,4889.27,4922.33,4843.23,0.12,819897892864.0,4927,4015,254,164,28,9388,4147.88,4063.82,盘整,下跌,False
2026-05-29,4068.57,4110.52,4112.96,4055.89,-0.73,1532067315712.0,10964.21,11365.89,11371.71,10903.71,-3.22,995865788416.0,15575.13,15957.12,15981.93,15492.84,-1.81,1786964738048.0,4892.12,4937.51,4954.07,4878.79,-0.45,942236499968.0,2822,6177,201,66,192,9458,4147.38,4061.92,盘整,下跌,False
2026-06-01,4057.74,4067.16,4093.04,4045.69,-0.27,1319801978880.0,10903.09,10944.04,11108.62,10888.52,-0.56,838561431552.0,15340.36,15601.03,15717.45,15316.02,-1.51,1557685993472.0,4844.26,4897.9,4918.79,4836.69,-0.98,823984848896.0,5660,3369,163,170,73,9435,4144.89,4060.84,盘整,下跌,False
2026-06-02,4075.1,4061.46,4089.57,4032.58,0.43,1280966131712.0,10933.16,10915.03,10994.54,10684.86,0.28,835840180224.0,15591.13,15410.7,15664.39,15203.8,1.63,1512025882624.0,4914.56,4860.61,4930.28,4832.0,1.45,806751371264.0,3476,5508,208,116,40,9348,4143.04,4060.72,盘整,盘整,False
2026-06-03,4083.97,4068.34,4107.05,4059.91,0.22,1429755789312.0,10976.39,10936.93,11118.54,10864.58,0.4,958211751936.0,15704.71,15646.69,15962.36,15542.66,0.73,1700522754048.0,4938.81,4921.34,4991.85,4904.9,0.49,906047717376.0,3368,5619,210,114,34,9345,4139.23,4060.31,盘整,盘整,False
2026-06-04,4057.78,4053.67,4080.72,4043.43,-0.64,1274652131328.0,10943.01,10857.75,10980.37,10853.92,-0.3,851198410752.0,15661.57,15540.06,15745.19,15517.94,-0.27,1483016634368.0,4904.75,4897.32,4938.78,4889.75,-0.69,736143409152.0,2189,6843,171,129,32,9364,4133.11,4059.2,盘整,下跌,False
2026-06-05,4027.74,4044.83,4078.93,4015.06,-0.74,1363887915008.0,10904.0,10909.52,11088.52,10805.14,-0.36,959370166272.0,15314.7,15595.7,15710.14,15243.51,-2.21,1705303998464.0,4816.92,4886.96,4924.34,4798.91,-1.79,839863828480.0,4415,4508,278,121,42,9364,4125.5,4058.05,盘整,盘整,False
2026-06-08,3959.34,3938.71,4007.49,3927.85,-1.7,1267277234176.0,10551.92,10539.57,10809.72,10424.46,-3.23,862149017600.0,14821.19,14835.37,15137.75,14681.64,-3.22,1525460893696.0,4713.64,4703.77,4779.86,4677.57,-2.14,761046368256.0,1180,7905,60,88,100,9333,4112.22,4055.32,盘整,下跌,False
2026-06-09,4010.03,3977.54,4010.87,3955.91,1.28,1173088894976.0,10834.59,10683.27,10835.68,10557.46,2.68,843526438912.0,15268.71,14992.55,15274.72,14846.55,3.02,1467207122944.0,4801.81,4743.45,4802.5,4715.39,1.87,713287008256.0,6038,2895,214,228,22,9397,4101.99,4053.27,盘整,下跌,False
2026-06-10,3993.23,3985.12,4006.31,3963.44,-0.42,1227070111744.0,10657.7,10717.42,10786.75,10530.18,-1.63,822336946176.0,14954.1,15062.51,15149.37,14817.11,-2.06,1392172859392.0,4748.59,4753.12,4786.52,4718.99,-1.11,694628384768.0,2210,6778,157,96,91,9332,4089.53,4051.0,盘整,下跌,False
2026-06-11,3987.01,3979.71,3997.48,3958.44,-0.16,1185554628608.0,10601.91,10594.46,10679.95,10499.46,-0.52,819790348288.0,14851.98,14889.57,15062.75,14706.09,-0.68,1366466887680.0,4722.41,4730.07,4766.17,4685.5,-0.55,653931773952.0,2303,6677,158,98,76,9312,4079.98,4049.19,盘整,上涨,False
2026-06-12,4031.51,4017.86,4060.27,4008.18,1.12,1537401552896.0,10661.05,10765.16,10854.61,10619.37,0.56,976641458176.0,14963.41,15149.52,15171.22,14943.43,0.75,1677548191744.0,4777.32,4784.64,4809.86,4757.56,1.16,871477346304.0,6884,2130,192,134,49,9389,4074.79,4048.31,盘整,上涨,False
2026-06-15,4096.47,4053.58,4097.17,4051.07,1.61,1403586215936.0,11055.24,10739.89,11055.24,10739.89,3.7,853963112448.0,15531.11,15153.18,15531.11,15055.95,3.79,1627612512256.0,4891.71,4829.29,4892.55,4803.18,2.39,914145738752.0,6836,2103,263,305,21,9528,4073.04,4049.08,盘整,上涨,False
2026-06-16,4091.89,4094.21,4103.93,4077.87,-0.11,1369613008896.0,11210.47,11061.98,11246.62,11031.05,1.4,897425997824.0,15675.25,15584.37,15761.0,15537.5,0.93,1695082872832.0,4884.23,4894.88,4908.28,4866.06,-0.15,857202556928.0,4561,4410,235,188,22,9416,4069.15,4049.56,盘整,上涨,False
2026-06-17,4108.08,4074.29,4109.96,4073.73,0.4,1403145945088.0,11254.67,11126.47,11277.94,11126.22,0.39,891730591744.0,15880.95,15569.92,15885.49,15569.92,1.31,1688618270720.0,4931.39,4859.7,4933.93,4859.7,0.97,850367610880.0,3408,5594,214,157,22,9395,4066.45,4051.26,盘整,上涨,False
2026-06-18,4090.48,4094.23,4117.45,4080.29,-0.43,1560474025984.0,11336.77,11214.47,11369.75,11196.3,0.73,909244432384.0,16030.7,15826.79,16104.77,15825.32,0.94,1749632942080.0,4941.6,4916.04,4976.89,4916.04,0.21,1021710696448.0,3643,5360,218,144,37,9402,4067.11,4053.48,盘整,上涨,False
2026-06-22,4163.1,4093.95,4164.42,4070.17,1.78,1704000356352.0,11451.23,11387.71,11451.3,11121.25,1.01,1046023831552.0,16372.5,16095.63,16374.02,15914.05,2.13,2033198432256.0,5059.66,4949.35,5061.51,4928.46,2.39,1145900236800.0,5627,3346,270,220,30,9493,4069.62,4059.31,盘整,上涨,False
2026-06-23,4106.25,4153.59,4175.35,4085.59,-1.37,1594542391296.0,11295.39,11431.11,11508.55,11227.09,-1.36,965557354496.0,15854.2,16324.24,16355.95,15756.41,-3.17,1846221602816.0,4919.39,5048.03,5064.27,4892.09,-2.77,1047052877824.0,3477,5521,242,135,78,9453,4067.3,4063.06,盘整,上涨,False
2026-06-24,4110.81,4090.1,4117.28,4075.49,0.11,1514193289216.0,11394.36,11249.9,11402.07,11134.41,0.88,929320730624.0,16051.32,15782.4,16068.41,15730.16,1.24,1770134962176.0,4943.02,4900.38,4953.23,4892.27,0.48,964945838080.0,3247,5805,117,153,36,9358,4065.57,4066.04,盘整,上涨,False
2026-06-25,4120.28,4103.48,4133.1,4093.01,0.23,1618996494336.0,11380.33,11402.2,11468.26,11287.73,-0.12,1004837142528.0,16344.08,16099.76,16359.62,16058.85,1.82,1975291478016.0,5020.1,4950.98,5032.0,4944.88,1.56,1110040903680.0,2871,6170,125,131,55,9352,4066.9,4069.9,上涨,上涨,False
2026-06-26,4027.27,4098.69,4099.78,4007.86,-2.26,1621195751424.0,11088.8,11313.47,11324.6,11046.56,-2.56,980329496576.0,15782.22,16211.41,16215.45,15728.84,-3.44,1931214716928.0,4868.22,4981.83,4981.98,4845.19,-3.03,1068082659328.0,1120,7983,68,87,95,9353,4063.33,4071.79,上涨,下跌,False
2026-06-29,4073.9,4026.69,4075.33,3992.55,1.16,1666220425216.0,11062.33,11103.51,11165.87,10826.95,-0.24,995106357248.0,15812.87,15781.79,15938.23,15487.93,0.19,1851533426688.0,4926.92,4866.04,4928.6,4827.15,1.21,1053723852800.0,4932,4059,257,218,91,9557,4063.6,4074.3,上涨,盘整,False
2026-06-30,4094.4,4058.17,4097.42,4052.17,0.5,1530326024192.0,11335.65,11035.11,11340.81,10987.85,2.47,926096883712.0,16205.56,15811.67,16232.23,15809.65,2.48,1743431663616.0,4979.43,4914.49,4987.56,4914.49,1.07,985795198976.0,5389,3627,233,292,19,9560,4065.43,4077.67,上涨,下跌,False
2026-07-01,4112.45,4090.76,4143.31,4087.54,0.44,1698487599104.0,11462.91,11353.63,11531.61,11342.27,1.12,1046892183552.0,16119.17,16226.98,16332.48,15988.42,-0.53,1961516072960.0,4958.98,4972.69,5017.38,4925.63,-0.41,1101717569536.0,6654,2412,185,245,27,9523,4067.3,4080.41,盘整,下跌,False
2026-07-02,4028.9,4054.09,4093.68,4019.21,-2.03,1577183739904.0,11192.79,11252.66,11492.19,11158.32,-2.36,969834758144.0,15498.81,15729.92,15886.7,15453.52,-3.85,1873367662592.0,4812.3,4865.17,4896.99,4800.48,-2.96,1027796828160.0,3331,5635,208,107,141,9422,4064.55,4082.23,盘整,盘整,False
2026-07-03,4043.64,4031.34,4073.88,4027.26,0.37,1465563086848.0,11189.64,11194.47,11317.99,11104.42,-0.03,903437811712.0,15597.51,15480.12,15823.05,15432.89,0.64,1716890370048.0,4842.17,4809.5,4890.97,4809.5,0.62,942569881600.0,6522,2480,169,175,58,9404,4063.84,4084.96,盘整,盘整,False
2026-07-06,4041.24,4059.19,4060.07,4005.41,-0.06,1432112857088.0,10990.1,11230.71,11272.98,10939.34,-1.78,872851243008.0,15416.8,15677.93,15749.36,15288.49,-1.16,1659011596288.0,4842.0,4868.54,4878.32,4789.8,-0.0,907946033152.0,3308,5686,176,112,115,9397,4064.51,4087.48,盘整,下跌,False
2026-07-07,3990.24,4019.49,4028.51,3971.71,-1.26,1196371083264.0,10719.78,10943.73,11008.85,10674.24,-2.46,716255526912.0,15225.11,15345.39,15461.37,15081.92,-1.24,1384786165760.0,4792.26,4813.87,4839.51,4756.73,-1.03,762617528320.0,1055,8030,88,49,84,9306,4066.06,4087.4,盘整,下跌,False
2026-07-08,3970.88,3996.81,4016.03,3967.91,-0.49,1192355823616.0,10485.82,10738.19,10750.33,10477.39,-2.18,698740244480.0,14939.73,15269.82,15292.12,14907.62,-1.87,1371167391744.0,4755.53,4804.48,4830.05,4751.4,-0.77,783248982016.0,2686,6270,220,89,103,9368,4064.1,4087.48,盘整,下跌,False
2026-07-09,4036.59,3977.55,4040.54,3938.88,1.65,1364176535552.0,10690.7,10529.67,10703.18,10277.24,1.95,752890806272.0,15398.73,15038.47,15419.12,14781.24,3.07,1549552451584.0,4876.31,4774.4,4882.85,4734.87,2.54,947119390720.0,4768,4181,240,192,36,9417,4066.27,4088.31,盘整,下跌,False
2026-07-10,3996.16,4031.54,4074.83,3995.81,-1.0,1563108704256.0,10604.18,10692.07,10898.08,10604.18,-0.81,893244211200.0,15046.67,15480.41,15581.94,15046.67,-2.29,1825441579008.0,4780.79,4887.54,4906.49,4780.75,-1.96,1083913076736.0,5680,3377,220,138,79,9494,4066.73,4088.44,盘整,下跌,False
2026-07-13,3913.79,3966.02,3983.05,3900.67,-2.06,1334871982080.0,10047.39,10522.08,10564.98,10020.65,-5.25,756807827456.0,14522.85,14908.98,14997.06,14437.06,-3.48,1482889101312.0,4695.38,4745.44,4775.24,4670.25,-1.79,907944656896.0,1202,7926,157,49,466,9800,4060.84,4086.56,盘整,下跌,False
2026-07-14,3967.13,3909.27,3967.13,3869.3,1.36,1271796858880.0,10204.3,10051.65,10214.83,9849.86,1.56,670842945536.0,14924.87,14532.36,14924.87,14338.36,2.77,1432171577344.0,4796.5,4691.12,4796.5,4649.04,2.15,924097118208.0,7277,1780,230,142,46,9475,4054.37,4085.56,盘整,下跌,False
2026-07-15,3955.58,3963.73,3981.67,3943.7,-0.29,1226298228736.0,10090.29,10239.53,10292.88,10048.49,-1.12,658798870528.0,14779.4,14970.77,15041.33,14741.8,-0.97,1344855605248.0,4786.78,4797.94,4826.86,4772.04,-0.2,858314506240.0,5247,3806,155,104,94,9406,4047.56,4083.89,盘整,下跌,False
2026-07-16,3882.41,3912.38,3940.45,3867.6,-1.85,1124208214016.0,9880.07,9966.63,10136.13,9830.79,-2.08,628513243136.0,14488.65,14497.43,14780.46,14386.41,-1.97,1279356960768.0,4698.43,4711.53,4771.06,4673.35,-1.85,798830362624.0,3520,5460,226,67,90,9363,4036.28,4081.08,盘整,下跌,False
2026-07-17,3764.15,3865.32,3869.21,3745.17,-3.05,1246445436928.0,9271.69,9839.29,9847.17,9246.3,-6.16,685520584704.0,13706.88,14348.22,14350.47,13586.49,-5.4,1408513343488.0,4529.1,4661.62,4663.53,4492.09,-3.6,920822415360.0,850,8283,161,40,702,10036,4019.96,4075.78,盘整,盘整,False
2026-07-20,3796.28,3791.66,3831.66,3741.11,0.85,1294651883520.0,8982.84,9383.01,9438.62,8809.67,-3.12,694804480000.0,13610.23,13869.06,13972.99,13342.93,-0.71,1407475253248.0,4598.32,4575.67,4628.8,4521.18,1.53,933403230208.0,3671,5415,212,95,546,9939,4001.62,4070.96,盘整,下跌,False
2026-07-21,3864.37,3812.16,3864.6,3743.36,1.79,1396517634048.0,9305.66,8999.34,9308.02,8571.2,3.59,746586374144.0,14264.29,13656.09,14264.8,13364.41,4.81,1560575082496.0,4739.23,4630.85,4739.23,4566.28,3.06,1016727273472.0,5785,3236,276,461,37,9795,3989.52,4066.93,盘整,下跌,False
2026-07-22,3867.03,3839.67,3884.44,3839.67,0.07,1258148069376.0,9187.63,9224.71,9359.47,9131.89,-1.27,652642222080.0,14061.44,14169.97,14360.37,13988.51,-1.42,1395196952576.0,4717.24,4710.66,4772.08,4692.83,-0.46,921519259648.0,2869,6127,302,76,35,9409,3977.33,4063.16,下跌,下跌,False
2026-07-23,3876.78,3868.09,3878.83,3851.71,0.25,1025875509248.0,9259.74,9188.72,9305.87,9134.58,0.78,554241622016.0,14123.31,14116.02,14203.64,13991.83,0.44,1169425825792.0,4728.0,4735.17,4737.51,4698.87,0.23,741818564608.0,6801,2281,219,161,20,9482,3965.16,4059.78,下跌,上涨,False
2026-07-24,3814.2,3853.63,3861.04,3808.64,-1.61,915366412288.0,9000.0,9148.28,9230.45,9000.0,-2.81,506083704832.0,13774.68,13915.04,14061.03,13774.68,-2.47,1015773593600.0,4649.19,4685.41,4704.08,4642.94,-1.67,626378670080.0,860,8284,156,55,68,9423,3954.51,4055.24,下跌,上涨,False
2026-07-27,3858.25,3808.9,3858.31,3793.45,1.15,1031312113664.0,9306.25,8978.54,9306.25,8969.07,3.4,517527502848.0,14148.73,13768.6,14148.73,13689.02,2.72,1045308309504.0,4702.43,4656.03,4702.53,4615.53,1.15,604552364032.0,8562,548,180,193,17,9500,3943.72,4051.57,下跌,上涨,False
2026-07-28,3813.31,3823.13,3844.01,3797.37,-1.16,949683093504.0,9085.66,9198.95,9293.72,9043.12,-2.37,515048308736.0,13509.68,13830.35,13940.99,13470.11,-4.52,1076097515520.0,4569.52,4623.8,4646.49,4552.23,-2.83,652026904576.0,3515,5453,321,81,157,9527,3929.67,4046.66,下跌,上涨,False
2026-07-29,3828.47,3823.29,3845.77,3782.48,0.4,1087407783936.0,9144.23,9079.41,9192.91,8918.45,0.64,582502121472.0,13658.44,13498.75,13756.71,13267.64,1.1,1209171312640.0,4600.26,4582.09,4626.71,4516.32,0.67,751545090048.0,7204,1872,216,107,28,9427,3915.47,4041.94,下跌,上涨,False
2026-07-30,3804.69,3812.11,3839.34,3767.5,-0.62,1106477318144.0,8866.24,9091.94,9164.55,8812.46,-3.04,559370993664.0,13285.8,13531.07,13619.03,13068.56,-2.73,1236332052480.0,4549.72,4566.05,4596.21,4478.21,-1.1,803697000448.0,2858,6117,317,63,266,9621,3904.26,4036.01,下跌,上涨,False
2026-07-31,3832.26,3833.54,3847.09,3822.37,0.72,1187681533952.0,9130.2,9082.34,9272.69,9082.34,2.98,632658067456.0,13578.93,13690.0,13841.96,13578.93,2.21,1354266574848.0,4588.2,4623.85,4635.59,4588.2,0.85,832909082624.0,7725,1290,288,233,7,9543,3893.69,4030.21,下跌,上涨,False
2026-08-03,3809.66,3812.61,3827.64,3797.64,-0.59,952256888832.0,9163.45,9120.54,9200.12,9106.7,0.36,525706166272.0,13448.29,13497.11,13570.51,13407.99,-0.96,1045128937472.0,4543.18,4561.82,4572.59,4529.19,-0.98,615750959104.0,5575,3491,227,118,44,9455,3882.11,4024.04,下跌,上涨,False
2026-08-04,3822.28,3816.37,3831.94,3799.52,0.33,1008382509056.0,9430.38,9233.35,9458.08,9201.93,2.91,574500503552.0,13885.71,13572.95,13936.52,13537.76,3.25,1205209268224.0,4600.93,4566.94,4613.69,4555.25,1.27,698818101248.0,6163,2846,291,261,2,9563,3873.71,4017.33,下跌,上涨,False
2026-08-05,3878.43,3815.12,3884.4,3815.12,1.47,1208723046400.0,9707.01,9412.96,9737.76,9412.96,2.93,668153151488.0,14144.2,13644.83,14246.38,13644.83,1.86,1450911465472.0,4658.15,4550.19,4679.86,4550.19,1.24,879161180160.0,6676,2285,268,186,7,9422,3869.09,4011.73,下跌,盘整,False
2026-08-06,3900.35,3864.27,3902.05,3864.27,0.57,1166818672640.0,9784.07,9654.64,9822.69,9652.24,0.79,701285269504.0,14110.12,13981.44,14252.14,13922.41,-0.24,1361962860544.0,4651.31,4621.8,4675.65,4611.07,-0.15,747784175616.0,4345,4596,292,116,17,9366,3862.28,4006.03,下跌,上涨,False
2026-08-07,3940.04,3896.49,3940.93,3885.62,1.02,1209543557120.0,9971.3,9792.57,9971.88,9663.84,1.91,747812290560.0,14311.01,14152.78,14396.08,14049.34,1.42,1454876131328.0,4694.44,4656.1,4706.73,4649.58,0.93,788405747712.0,5400,3600,313,150,18,9481,3859.47,4002.06,下跌,上涨,False
